Email;FirstName;LastName
blqcqvuk@nrjvpd.nqp;0-QROEVYNTWFQARVFDOB;IRPAKUYDT
swpfj@ckdauz.xrs;1-PYHFJQMDFLVQAJKMTY;YQOXMFWQE
sjholsim@qccjfo.wgg;2-RVFUOCEJGMS;FVFXG
qbyhyknd@fhahzh.puf;3-NIKQGFMSIZEGEJZZQAL;TOIFX
fyvhe@mjecii.vut;4-XBAYLQDPSUVSQ;NKRSPJ
bqyhxq@timjpe.ipb;5-BZFVNADSSVFVMCXYU;FNKSWC
hhdrvdhjv@tiwbdo.gpp;6-HNCQFNGVVCPX;THGVH
swvwej@qsxdeu.ukj;7-UMBCXTQGCXT;KNTKSN
oafvkj@gbeihy.eie;8-AZJDMYWDMOT;ELEKBFUI
lzqpuyack@fqnsuo.ckl;9-SRNQPKFUVZFL;OENUWSBTF
tqsqcmsoe@bksset.mbk;10-RIXTDNHUTDZARCTSQF;RYRQR
